Resolution,Terrain,Atmosphere,Clouds,Trees
100,1.926995,2.014775,2.961757,6.252271
200,3.510479,3.77954,6.779729,15.027093
300,6.112149,6.459198,12.314689,28.963768
400,9.453465,10.100057,19.488493,42.502377
500,12.9078,13.707294,25.453621,59.500378
600,16.391758,18.082877,40.188358,86.514679
800,27.20647,29.689501,68.459511,152.251099
1000,38.231049,41.602814,99.269127,218.007965
1500,72.759995,79.729111,202.871506,437.789246