{
    "Camera Panel": {
        "Focal Length": {
            "value": 2.1600000858306885
        },
        "camara_transform": {
            "forward": [
                -0.585257887840271,
                -0.09409156441688538,
                0.8053694367408752
            ],
            "position": [
                4869.12744140625,
                764.8837280273438,
                3134.183349609375
            ],
            "right": [
                -0.8089583516120911,
                3.464519693352486e-07,
                -0.587865948677063
            ],
            "up": [
                -0.055311720818281174,
                0.9955637454986572,
                0.07611468434333801
            ]
        },
        "camera_settings": {
            "invert_x": false,
            "invert_y": false,
            "invert_zoom": false,
            "keyboard_speed": 26.586999893188477,
            "move_speed": 695.39501953125,
            "rotate_speed": 1.0,
            "zoom_speed": 100.0
        }
    },
    "Light Panel": {
        "Sun Position": {
            "values": [
                200.0,
                3000.0,
                2000.0
            ]
        }
    },
    "Menu Bar Panel": null,
    "Raymarch Panel": {
        "Fog Color": {
            "colors": [
                0.5490196347236633,
                0.5568627715110779,
                0.5686274766921997
            ]
        },
        "Fog Strength": {
            "value": 1.590000033378601
        },
        "Max Steps": {
            "value": 500
        },
        "Shadow Steps": {
            "value": 14
        },
        "Step Size": {
            "value": 50.0
        }
    },
    "Sky Panel": {
        "Color Bottom": {
            "colors": [
                0.6666666865348816,
                1.0,
                0.9411764740943909
            ]
        },
        "Color Top": {
            "colors": [
                0.21960784494876862,
                0.4941176474094391,
                1.0
            ]
        },
        "Fog Color": {
            "colors": [
                0.9764705896377563,
                0.9921568632125854,
                0.8549019694328308
            ]
        },
        "Fog Strength": {
            "value": 0.20000000298023224
        },
        "Height": {
            "value": 10000.0
        },
        "Lower Threshold": {
            "value": 0.0
        },
        "Scale": {
            "value": 10000.0
        },
        "Upper Threshold": {
            "value": 1.0
        }
    },
    "Terrain Panel": {
        "Band Pass (Layers to Filter Out)": {
            "value_max": 1,
            "value_min": 1
        },
        "Dirt Color": {
            "colors": [
                0.7411764860153198,
                0.4470588266849518,
                0.30980393290519714
            ]
        },
        "Dirt Threshold": {
            "value": 0.949999988079071
        },
        "Grass Color": {
            "colors": [
                0.3529411852359772,
                0.5686274766921997,
                0.13725490868091583
            ]
        },
        "Grass Threshold": {
            "value": 0.8999999761581421
        },
        "Horizontal Scale": {
            "value": 3000.0
        },
        "Horizontal Shirnk": {
            "value": 1.899999976158142
        },
        "Layers": {
            "value": 12
        },
        "Max Height": {
            "value": 1200.0
        },
        "Starting Vertical Shrink": {
            "value": 0.5
        },
        "Vertical Shrink": {
            "value": 0.5
        }
    },
    "Tree Panel": {
        "Color": {
            "colors": [
                0.160732701420784,
                0.43627452850341797,
                0.07698962092399597
            ]
        },
        "Domain Size": {
            "value": 29.049999237060547
        },
        "Enable": {
            "value": true
        },
        "Height": {
            "value": 37.52000045776367
        },
        "Normal Epsilon": {
            "value": 10.0
        },
        "Offset": {
            "value": 18.200000762939453
        },
        "Position Randomness": {
            "value": 1.0
        },
        "Radius": {
            "value": 14.220000267028809
        },
        "Shadow Lower": {
            "value": -10000.0
        },
        "Shadow Steps": {
            "value": 23
        },
        "Shadow Threshold": {
            "value": 19.079999923706055
        },
        "Size Randomness": {
            "values": [
                4.0,
                8.0,
                0.0
            ]
        },
        "Steepness Threshold": {
            "value": 0.6499999761581421
        },
        "Steps": {
            "value": 19
        },
        "Terrain Normal Proportion": {
            "value": 2.119999885559082
        }
    }
}