{
    "Camera Panel": {
        "Focal Length": {
            "value": 1.5
        },
        "camara_transform": {
            "forward": [
                -0.9934331178665161,
                -0.053973760455846786,
                -0.10088352113962173
            ],
            "position": [
                -460.08709716796875,
                1063.14404296875,
                -2893.8232421875
            ],
            "right": [
                0.10103078186511993,
                7.264316082000732e-08,
                -0.9948833584785461
            ],
            "up": [
                -0.05369747057557106,
                0.9985423684120178,
                -0.005452926270663738
            ]
        },
        "camera_settings": {
            "invert_x": false,
            "invert_y": false,
            "invert_zoom": false,
            "move_speed": 1.0,
            "rotate_speed": 1.0,
            "zoom_speed": 100.0
        }
    },
    "Light Panel": {
        "Sun Position": {
            "values": [
                200.0,
                3000.0,
                2000.0
            ]
        }
    },
    "Menu Bar Panel": null,
    "Raymarch Panel": {
        "Fog Color": {
            "colors": [
                0.5490196347236633,
                0.5568627715110779,
                0.5686274766921997
            ]
        },
        "Fog Strength": {
            "value": 0.699999988079071
        },
        "Max Steps": {
            "value": 500
        },
        "Shadow Steps": {
            "value": 32
        },
        "Step Size": {
            "value": 50.0
        }
    },
    "Sky Panel": {
        "Color Bottom": {
            "colors": [
                1.0,
                0.4117646813392639,
                0.4117646813392639
            ]
        },
        "Color Top": {
            "colors": [
                0.06060170382261276,
                0.20654264092445374,
                0.4754902124404907
            ]
        },
        "Fog Color": {
            "colors": [
                1.0,
                0.8275663256645203,
                0.5490195751190186
            ]
        },
        "Fog Strength": {
            "value": 0.20000000298023224
        },
        "Height": {
            "value": 10000.0
        },
        "Lower Threshold": {
            "value": -0.550000011920929
        },
        "Scale": {
            "value": 19375.0
        },
        "Upper Threshold": {
            "value": 2.5799999237060547
        }
    },
    "Terrain Panel": {
        "Band Pass (Layers to Filter Out)": {
            "value_max": 1,
            "value_min": 1
        },
        "Dirt Color": {
            "colors": [
                0.7411764860153198,
                0.4470588266849518,
                0.30980393290519714
            ]
        },
        "Dirt Threshold": {
            "value": 0.949999988079071
        },
        "Grass Color": {
            "colors": [
                0.3529411852359772,
                0.5686274766921997,
                0.13725490868091583
            ]
        },
        "Grass Threshold": {
            "value": 0.8999999761581421
        },
        "Horizontal Scale": {
            "value": 3000.0
        },
        "Horizontal Shirnk": {
            "value": 1.899999976158142
        },
        "Layers": {
            "value": 12
        },
        "Max Height": {
            "value": 1200.0
        },
        "Starting Vertical Shrink": {
            "value": 0.5
        },
        "Vertical Shrink": {
            "value": 0.5
        }
    },
    "Tree Panel": {
        "Color": {
            "colors": [
                0.2980392277240753,
                0.6980392336845398,
                0.1764705926179886
            ]
        },
        "Domain Size": {
            "value": 25.0
        },
        "Enable": {
            "value": false
        },
        "Height": {
            "value": 20.0
        },
        "Offset": {
            "value": 0.0
        },
        "Position Randomness": {
            "value": 0.800000011920929
        },
        "Radius": {
            "value": 5.0
        },
        "Size Randomness": {
            "values": [
                4.0,
                8.0,
                0.0
            ]
        },
        "Steepness Threshold": {
            "value": 0.5
        },
        "Steps": {
            "value": 19
        }
    }
}